{"lgbm": {"n_estimators": 257, "num_leaves": 25, "min_child_samples": 2, "learning_rate": 0.7580647590327124, "log_max_bin": 9, "colsample_bytree": 0.6013779332617044, "reg_alpha": 0.0009765625, "reg_lambda": 0.0012849550556250733}, "rf": {"n_estimators": 27, "max_features": 0.6574310618350321, "max_leaves": 9145}, "catboost": {"early_stopping_rounds": 10, "learning_rate": 0.09999999999999996, "n_estimators": 811}, "xgboost": {"n_estimators": 826, "max_leaves": 1138, "min_child_weight": 27.183704988271042, "learning_rate": 0.08727546789327977, "subsample": 0.8809985595678514, "colsample_bylevel": 0.8019310132461411, "colsample_bytree": 0.6020417921420461, "reg_alpha": 0.09824493905476207, "reg_lambda": 1.8282873137854005}, "extra_tree": {"n_estimators": 27, "max_features": 0.7558641582215596, "max_leaves": 7106}, "xgb_limitdepth": {"n_estimators": 31, "max_depth": 8, "min_child_weight": 1.1982197080653005, "learning_rate": 1.0, "subsample": 0.9986444603462741, "colsample_bylevel": 1.0, "colsample_bytree": 0.9468117873770695, "reg_alpha": 0.026629132162083402, "reg_lambda": 0.4001243226017505}}