{"lgbm": {"n_estimators": 225, "num_leaves": 216, "min_child_samples": 4, "learning_rate": 0.3014329762826048, "log_max_bin": 10, "colsample_bytree": 0.6732181905560872, "reg_alpha": 0.031040189193310787, "reg_lambda": 0.0019001499055273895}, "rf": {"n_estimators": 10, "max_features": 0.997511004880959, "max_leaves": 9496}, "catboost": {"early_stopping_rounds": 12, "learning_rate": 0.027185169832094628, "n_estimators": 3472}, "xgboost": {"n_estimators": 945, "max_leaves": 155, "min_child_weight": 24.882887512152706, "learning_rate": 0.05610531478040811, "subsample": 0.9271098626720031, "colsample_bylevel": 0.6914034658720888, "colsample_bytree": 0.7503231445285662, "reg_alpha": 0.0010363511172846746, "reg_lambda": 0.6901698239545956}, "extra_tree": {"n_estimators": 117, "max_features": 0.8155941325451143, "max_leaves": 14477}, "xgb_limitdepth": {"n_estimators": 882, "max_depth": 13, "min_child_weight": 0.9868304169626732, "learning_rate": 0.08599992066573134, "subsample": 0.9377924838515587, "colsample_bylevel": 0.48324157044782645, "colsample_bytree": 0.7120828790252831, "reg_alpha": 0.0009765625, "reg_lambda": 3.01835962063174}}