{"lgbm": {"n_estimators": 372, "num_leaves": 507, "min_child_samples": 2, "learning_rate": 0.14357025802388526, "log_max_bin": 10, "colsample_bytree": 0.5178012582656589, "reg_alpha": 0.011572343074847936, "reg_lambda": 0.006047099428180339}, "rf": {"n_estimators": 119, "max_features": 0.7874287578236702, "max_leaves": 7184}, "catboost": {"early_stopping_rounds": 10, "learning_rate": 0.09999999999999996, "n_estimators": 822}, "xgboost": {"n_estimators": 225, "max_leaves": 1072, "min_child_weight": 4.321656525884641, "learning_rate": 0.06836963362165441, "subsample": 0.827351358517848, "colsample_bylevel": 0.5127241764310982, "colsample_bytree": 0.722539217922852, "reg_alpha": 0.0016952814239432792, "reg_lambda": 1.0399794993312943}, "extra_tree": {"n_estimators": 59, "max_features": 0.664699056388796, "max_leaves": 6661}, "xgb_limitdepth": {"n_estimators": 422, "max_depth": 9, "min_child_weight": 5.34062633651944, "learning_rate": 0.07331115378597167, "subsample": 0.8895588746662894, "colsample_bylevel": 0.6660300783399922, "colsample_bytree": 0.7687347548284573, "reg_alpha": 0.004752128400788886, "reg_lambda": 0.10167852258580339}}